id,first_name,last_name,email,gender,ip_address
1,Nobie,Woodford,nwoodford0@psu.edu,Male,104.196.66.41
2,Donetta,Cunliffe,dcunliffe1@digg.com,Female,22.154.182.163
3,Ingrid,Durbin,idurbin2@reference.com,Female,103.156.6.62
4,Chaim,Oene,coene3@eepurl.com,Bigender,170.120.69.204
5,Maisey,Karczinski,mkarczinski4@gov.uk,Female,174.74.75.161
6,Tisha,Braidon,tbraidon5@un.org,Female,25.178.74.118
7,Shaylyn,Cohani,scohani6@comcast.net,Polygender,187.146.32.223
8,Raff,Lait,rlait7@google.de,Male,152.20.42.124
9,Kial,Kinze,kkinze8@jimdo.com,Non-binary,188.115.69.236
10,Cordie,Farmar,cfarmar9@washingtonpost.com,Male,167.180.107.230
11,Hermia,Di Maggio,hdimaggioa@rambler.ru,Agender,250.28.218.134
12,Ashton,Keerl,akeerlb@adobe.com,Genderfluid,141.125.121.144
13,Erroll,Brunsdon,ebrunsdonc@dyndns.org,Non-binary,133.103.29.64
14,Freeland,Maunders,fmaundersd@google.com,Male,184.110.147.189
15,Doretta,Wildgoose,dwildgoosee@zimbio.com,Female,220.255.219.18
16,Toni,Inkle,tinklef@eventbrite.com,Female,3.212.148.169
17,Gabie,Hardwin,ghardwing@reverbnation.com,Female,201.180.158.40
18,Jonis,Penberthy,jpenberthyh@123-reg.co.uk,Female,167.176.76.186
19,Kathy,Walles,kwallesi@icio.us,Female,226.177.15.178
20,Mala,Dockreay,mdockreayj@gizmodo.com,Female,116.195.194.34
21,Gaven,De Lasci,gdelascik@prlog.org,Male,47.25.203.184
22,Rudy,Vaugham,rvaughaml@taobao.com,Male,223.218.254.80
23,Winnifred,Targetter,wtargetterm@phoca.cz,Female,252.114.145.211
24,Heddi,Medd,hmeddn@feedburner.com,Bigender,247.243.181.84
25,Claiborne,Pilipets,cpilipetso@washingtonpost.com,Male,87.61.25.207
26,Kingston,Keenor,kkeenorp@scribd.com,Male,123.7.197.173
27,Benyamin,Butterly,bbutterlyq@wp.com,Male,155.87.136.156
28,Richie,Tuff,rtuffr@taobao.com,Male,35.49.77.158
29,Meredeth,Cheeld,mcheelds@bizjournals.com,Male,12.58.95.211
30,Russ,Peacop,rpeacopt@yahoo.com,Male,209.223.109.168
31,Steven,Bridgnell,sbridgnellu@reverbnation.com,Male,169.178.191.56
32,Linus,Horlock,lhorlockv@biblegateway.com,Male,201.237.9.44
33,Hagen,Henrion,hhenrionw@usda.gov,Male,213.63.73.4
34,Bobby,Crinkley,bcrinkleyx@ask.com,Female,61.192.44.249
35,Carleton,Snowdon,csnowdony@opera.com,Male,226.217.77.157
36,Findley,Fleming,fflemingz@jimdo.com,Male,180.122.90.86
37,Elva,Struther,estruther10@slideshare.net,Genderqueer,102.130.222.223
38,Guglielma,Emnoney,gemnoney11@netvibes.com,Female,240.9.32.60
39,Sanford,Coatham,scoatham12@vistaprint.com,Male,149.2.56.127
40,Rebeca,Greenhead,rgreenhead13@ed.gov,Female,195.39.168.113
41,Laurens,Laslett,llaslett14@theglobeandmail.com,Male,148.88.223.95
42,Steve,Britt,sbritt15@imgur.com,Male,51.71.212.146
43,Gracia,Brugger,gbrugger16@arstechnica.com,Female,212.212.2.11
44,Marielle,Lunck,mlunck17@disqus.com,Female,138.150.119.179
45,Anette,Rosenwald,arosenwald18@cbc.ca,Female,205.23.170.171
46,Goddart,Nudd,gnudd19@imgur.com,Male,125.158.218.213
47,Danna,Chatelot,dchatelot1a@hud.gov,Female,222.29.174.113
48,Tate,Lindsley,tlindsley1b@netscape.com,Male,131.48.149.200
49,Blanche,Gatchel,bgatchel1c@biglobe.ne.jp,Bigender,85.251.244.52
50,Cart,Berriball,cberriball1d@cnbc.com,Male,149.77.62.19
51,Shauna,McDonell,smcdonell1e@nhs.uk,Female,183.110.121.105
52,Emilio,Corselles,ecorselles1f@google.it,Male,69.78.143.152
53,Shayna,Klarzynski,sklarzynski1g@mapy.cz,Genderfluid,91.30.183.218
54,Maryl,Scadding,mscadding1h@sciencedaily.com,Female,229.159.149.240
55,Brantley,Willbraham,bwillbraham1i@opera.com,Male,209.23.197.218
56,Kenyon,Ollie,kollie1j@shop-pro.jp,Male,174.101.212.245
57,Bria,Pasterfield,bpasterfield1k@behance.net,Female,45.20.17.168
58,Patric,Pardon,ppardon1l@wunderground.com,Male,86.32.27.135
59,Morgana,Swinn,mswinn1m@symantec.com,Female,193.179.5.78
60,Dewey,Cocke,dcocke1n@newsvine.com,Male,72.249.62.190
61,Tobe,Paynter,tpaynter1o@g.co,Male,48.218.66.97
62,Chrystal,Treneer,ctreneer1p@sun.com,Female,82.249.157.252
63,Nap,Tredger,ntredger1q@nasa.gov,Male,249.28.208.139
64,Bruno,Fittis,bfittis1r@photobucket.com,Male,177.228.208.89
65,Sibbie,De Mico,sdemico1s@google.de,Female,69.128.220.21
66,Chery,Dyers,cdyers1t@go.com,Female,17.122.28.94
67,Teri,Tight,ttight1u@dion.ne.jp,Female,22.50.163.137
68,Carina,Keunemann,ckeunemann1v@cyberchimps.com,Bigender,153.22.74.144
69,Nial,Ridler,nridler1w@posterous.com,Male,17.117.104.193
70,Bette,Holburn,bholburn1x@netvibes.com,Female,68.84.216.102
71,Ashbey,Elsley,aelsley1y@kickstarter.com,Male,96.158.173.255
72,Mahalia,Voice,mvoice1z@mail.ru,Female,47.96.200.167
73,Novelia,Pattie,npattie20@nature.com,Female,13.227.160.148
74,Waldon,Balassa,wbalassa21@squarespace.com,Male,34.154.251.117
75,Zabrina,McLenaghan,zmclenaghan22@facebook.com,Female,88.32.31.4
76,Zack,Nunn,znunn23@si.edu,Male,46.138.172.94
77,Janeen,Geroldo,jgeroldo24@xrea.com,Female,248.160.89.150
78,Chelsey,Lumpkin,clumpkin25@mac.com,Female,30.77.0.12
79,Baily,Sambeck,bsambeck26@chron.com,Male,117.146.132.46
80,Hillard,Nethercott,hnethercott27@nps.gov,Male,161.231.110.79
81,Alley,Crebott,acrebott28@elegantthemes.com,Male,53.189.104.205
82,Ameline,Collopy,acollopy29@wufoo.com,Female,88.145.141.17
83,Ashely,MacLleese,amaclleese2a@rambler.ru,Female,44.12.57.32
84,Byram,Grieves,bgrieves2b@soup.io,Male,106.229.150.137
85,Ursuline,Brayson,ubrayson2c@t.co,Agender,53.38.128.241
86,Kelcie,McTeggart,kmcteggart2d@ucoz.ru,Female,81.54.59.221
87,Ahmad,Gouda,agouda2e@java.com,Male,141.28.64.254
88,Ludwig,Claremont,lclaremont2f@canalblog.com,Male,152.108.52.43
89,Clint,Iseton,ciseton2g@china.com.cn,Male,68.153.180.117
90,Reade,Jakeway,rjakeway2h@ucla.edu,Male,251.119.139.172
91,Mommy,Forsard,mforsard2i@who.int,Agender,251.39.119.2
92,Skippie,Kitchin,skitchin2j@uol.com.br,Male,219.175.70.173
93,Brett,Domange,bdomange2k@europa.eu,Female,250.165.109.168
94,Reilly,Tettley,rtettley2l@tumblr.com,Male,127.73.17.164
95,Chancey,Houseman,chouseman2m@dailymail.co.uk,Male,40.156.245.239
96,Barb,Lodder,blodder2n@joomla.org,Female,185.238.221.213
97,Minette,Midlane,mmidlane2o@naver.com,Female,205.246.109.96
98,Peria,Pinkstone,ppinkstone2p@smh.com.au,Female,157.233.109.121
99,Peyton,Fannin,pfannin2q@harvard.edu,Male,116.29.92.105
100,Vidovik,O'Cridigan,vocridigan2r@adobe.com,Male,248.192.137.23
101,Andrew,Ivantyev,aivantyev2s@ca.gov,Male,241.160.32.108
102,Odette,Degnen,odegnen2t@ted.com,Genderqueer,255.177.108.79
103,Giff,Hansie,ghansie2u@tmall.com,Male,205.103.134.19
104,Timotheus,MacAnespie,tmacanespie2v@canalblog.com,Male,209.0.132.60
105,Roseanne,Wedon,rwedon2w@networkadvertising.org,Polygender,68.169.180.26
106,Ingemar,Huggins,ihuggins2x@fastcompany.com,Male,61.208.55.46
107,Kalie,Lunk,klunk2y@bandcamp.com,Female,237.138.156.128
108,Gigi,Featherstone,gfeatherstone2z@bloglovin.com,Female,253.25.69.212
109,Tadeo,Manntschke,tmanntschke30@hao123.com,Male,193.123.3.12
110,Garner,Le Floch,glefloch31@seattletimes.com,Male,59.131.136.192
111,Morgen,Everingham,meveringham32@usa.gov,Male,147.174.166.68
112,Gary,Medina,gmedina33@barnesandnoble.com,Male,49.144.204.252
113,Ericha,Colby,ecolby34@friendfeed.com,Female,4.163.102.67
114,Theresina,Bowcher,tbowcher35@dedecms.com,Female,107.90.94.233
115,Enrique,Mosdell,emosdell36@wordpress.org,Male,184.20.148.84
116,Gilemette,Batrop,gbatrop37@tumblr.com,Female,140.162.132.227
117,Rasia,Boother,rboother38@geocities.com,Female,125.230.185.47
118,Malchy,Busse,mbusse39@usnews.com,Male,134.242.26.59
119,Myriam,Lapree,mlapree3a@de.vu,Female,75.25.232.159
120,Sherwynd,Chritchley,schritchley3b@mac.com,Male,244.21.9.169
121,Georgette,Pedden,gpedden3c@prweb.com,Female,6.167.28.149
122,Winny,Brendeke,wbrendeke3d@imageshack.us,Female,71.161.5.9
123,Brody,Lound,blound3e@amazon.co.jp,Male,202.223.134.217
124,Andre,Lytton,alytton3f@timesonline.co.uk,Male,57.180.142.254
125,Conchita,Keedwell,ckeedwell3g@businessinsider.com,Female,247.60.170.140
126,Penny,Verdun,pverdun3h@usa.gov,Male,183.90.153.190
127,Minette,Portugal,mportugal3i@symantec.com,Female,160.230.114.137
128,Cori,Fresson,cfresson3j@digg.com,Female,213.155.178.125
129,Madalena,Curnok,mcurnok3k@princeton.edu,Female,80.0.136.68
130,Iosep,Littrell,ilittrell3l@cdc.gov,Male,116.52.189.205
131,Janos,Shackel,jshackel3m@google.co.uk,Male,9.10.98.63
132,Kellie,Behnecken,kbehnecken3n@skyrock.com,Genderqueer,38.185.73.165
133,Kellen,Dearnaly,kdearnaly3o@a8.net,Female,172.147.202.156
134,Kynthia,Hallex,khallex3p@vkontakte.ru,Female,203.210.33.244
135,Hamel,Senn,hsenn3q@usda.gov,Male,7.152.120.63
136,Dulci,Byrd,dbyrd3r@businessweek.com,Female,158.17.96.155
137,Aguste,Gairdner,agairdner3s@nytimes.com,Male,81.151.197.1
138,Michele,Pitceathly,mpitceathly3t@altervista.org,Male,181.22.147.237
139,Hilly,Husk,hhusk3u@clickbank.net,Male,226.14.172.106
140,Kellby,Lyte,klyte3v@cam.ac.uk,Male,79.115.240.123
141,Riobard,Gladman,rgladman3w@miibeian.gov.cn,Non-binary,114.26.159.246
142,Velvet,Roggieri,vroggieri3x@ycombinator.com,Female,111.10.115.118
143,Birgit,Turfrey,bturfrey3y@blogs.com,Female,232.4.232.217
144,Valentina,Zorzutti,vzorzutti3z@squidoo.com,Female,117.255.62.138
145,Shantee,Ascough,sascough40@disqus.com,Female,203.234.82.238
146,Danell,Cockley,dcockley41@goo.ne.jp,Female,42.10.36.242
147,Free,Slorance,fslorance42@indiatimes.com,Male,178.182.29.66
148,Mata,Harring,mharring43@sogou.com,Male,49.97.4.76
149,Micheline,Ingleton,mingleton44@blogtalkradio.com,Female,75.140.52.1
150,Randie,Burgen,rburgen45@prweb.com,Male,16.226.42.122
151,Luisa,Sincock,lsincock46@aboutads.info,Female,29.119.236.3
152,Geoffry,Cormode,gcormode47@clickbank.net,Polygender,89.77.91.8
153,Elke,Granger,egranger48@bbc.co.uk,Female,66.38.152.30
154,Daniella,Noot,dnoot49@hp.com,Female,9.49.31.55
155,Lind,Asee,lasee4a@hostgator.com,Male,134.19.165.136
156,Kial,Beloe,kbeloe4b@google.ca,Genderqueer,99.75.151.56
157,Franny,Eastope,feastope4c@sina.com.cn,Male,106.133.133.227
158,Pepito,Lethardy,plethardy4d@nytimes.com,Male,162.210.13.73
159,Aida,Marklow,amarklow4e@nih.gov,Female,78.202.211.176
160,Terri-jo,Gamwell,tgamwell4f@europa.eu,Female,252.179.115.107
161,Flint,Keller,fkeller4g@linkedin.com,Male,202.192.128.218
162,Sandor,Caudle,scaudle4h@msu.edu,Male,88.147.206.123
163,Daven,Alldridge,dalldridge4i@flickr.com,Genderqueer,105.85.240.96
164,Dolli,Fossitt,dfossitt4j@pen.io,Female,12.74.78.101
165,Barbey,Duchateau,bduchateau4k@t.co,Female,238.193.108.56
166,Coriss,Valti,cvalti4l@samsung.com,Female,197.163.242.121
167,Bennie,Bocken,bbocken4m@hhs.gov,Female,137.93.122.53
168,Abigale,Redfern,aredfern4n@dmoz.org,Female,207.138.165.253
169,Marcelia,Brilon,mbrilon4o@g.co,Bigender,137.3.156.117
170,Kit,Habben,khabben4p@google.com,Male,29.86.151.58
171,Joellyn,Linning,jlinning4q@salon.com,Female,13.232.51.95
172,Stacee,Heinsius,sheinsius4r@spiegel.de,Male,182.59.25.132
173,Georgeanna,MacCrosson,gmaccrosson4s@usda.gov,Female,93.52.120.39
174,Averyl,Kynastone,akynastone4t@ustream.tv,Female,248.157.41.245
175,Brian,Caslin,bcaslin4u@qq.com,Male,97.28.89.63
176,Sim,Mayfield,smayfield4v@people.com.cn,Male,145.94.223.14
177,Lari,Hamsley,lhamsley4w@thetimes.co.uk,Genderfluid,120.79.226.231
178,Desmond,Kintzel,dkintzel4x@princeton.edu,Male,98.140.12.108
179,Ancell,McPake,amcpake4y@google.pl,Male,26.154.196.116
180,Nissa,Ohrt,nohrt4z@unblog.fr,Female,78.176.62.207
181,Emmi,McGruar,emcgruar50@tumblr.com,Female,154.110.134.104
182,Tilda,Muddicliffe,tmuddicliffe51@biglobe.ne.jp,Female,55.43.12.196
183,Sonnie,Tackett,stackett52@census.gov,Female,235.15.247.124
184,Harlen,Steinhammer,hsteinhammer53@xing.com,Male,5.74.95.141
185,Franchot,Corston,fcorston54@posterous.com,Male,13.230.143.175
186,Karolina,Grady,kgrady55@china.com.cn,Female,24.141.141.150
187,Alanna,Connichie,aconnichie56@cnn.com,Female,175.97.144.119
188,Luise,Goddman,lgoddman57@chron.com,Female,191.208.205.106
189,Sheba,Cowser,scowser58@comcast.net,Female,206.127.244.125
190,Gerhardine,Gault,ggault59@taobao.com,Female,15.182.207.9
191,Grantley,Moulin,gmoulin5a@prnewswire.com,Male,70.10.0.3
192,Donna,Barneveld,dbarneveld5b@wikimedia.org,Female,34.139.248.55
193,Tonie,Pritchard,tpritchard5c@blogger.com,Female,163.105.206.116
194,Gifford,Oller,goller5d@twitpic.com,Male,223.88.96.241
195,Patty,Samett,psamett5e@ted.com,Female,62.186.69.222
196,Marthena,Massel,mmassel5f@nhs.uk,Female,159.179.126.65
197,Isidoro,Simonite,isimonite5g@topsy.com,Bigender,206.164.43.5
198,Hyman,Bentzen,hbentzen5h@cloudflare.com,Male,126.176.112.112
199,Job,Sillars,jsillars5i@ihg.com,Male,254.174.249.131
200,Hurley,Caddick,hcaddick5j@wikimedia.org,Male,214.235.5.226
201,Joanna,Westwick,jwestwick5k@vimeo.com,Female,238.27.120.166
202,Chaim,Garmon,cgarmon5l@typepad.com,Genderfluid,136.165.61.94
203,Burtie,Dursley,bdursley5m@princeton.edu,Agender,187.68.63.101
204,Milka,Pond-Jones,mpondjones5n@infoseek.co.jp,Female,83.249.184.24
205,Marta,Deeble,mdeeble5o@reuters.com,Female,104.179.67.251
206,Con,Rainbird,crainbird5p@t.co,Male,127.32.155.18
207,Cass,Eaglestone,ceaglestone5q@shareasale.com,Female,39.161.16.106
208,Tanny,Bome,tbome5r@msu.edu,Male,179.249.84.170
209,Garrard,Berrycloth,gberrycloth5s@photobucket.com,Male,36.138.242.248
210,Barny,Attrill,battrill5t@scribd.com,Male,178.10.217.50
211,Brewer,Lammenga,blammenga5u@mapquest.com,Male,180.148.79.196
212,Raymund,Scorthorne,rscorthorne5v@howstuffworks.com,Bigender,130.123.70.77
213,Tish,Blacksell,tblacksell5w@moonfruit.com,Female,143.249.214.180
214,Sutherlan,Edwards,sedwards5x@shop-pro.jp,Male,19.25.97.41
215,Rogers,Driffill,rdriffill5y@flickr.com,Male,136.18.136.80
216,Reeba,Jackman,rjackman5z@slashdot.org,Female,135.175.143.242
217,Elroy,De Bruijn,edebruijn60@macromedia.com,Male,7.46.124.178
218,Jasper,Sains,jsains61@cmu.edu,Male,87.200.202.243
219,Andreana,Foulds,afoulds62@is.gd,Female,168.106.68.64
220,Fitzgerald,Iorillo,fiorillo63@guardian.co.uk,Male,11.178.188.42
221,Callida,Springham,cspringham64@hatena.ne.jp,Female,3.27.52.169
222,Ibbie,Hartlebury,ihartlebury65@toplist.cz,Female,69.255.86.155
223,Gisela,Braddon,gbraddon66@fc2.com,Female,219.27.136.59
224,Shurlock,Maulin,smaulin67@comcast.net,Male,109.40.22.112
225,Constantine,Eastwell,ceastwell68@alibaba.com,Female,147.52.37.232
226,Lacie,Allcorn,lallcorn69@wunderground.com,Female,198.177.131.210
227,Vanna,Dudden,vdudden6a@bigcartel.com,Female,168.185.163.136
228,Lars,Dews,ldews6b@bing.com,Male,197.65.168.147
229,Man,Burges,mburges6c@mozilla.org,Male,93.83.230.36
230,Gerome,Blanch,gblanch6d@xinhuanet.com,Male,76.180.232.234
231,Jordon,Bresner,jbresner6e@tinypic.com,Male,163.67.186.139
232,Vance,Eye,veye6f@dailymail.co.uk,Male,86.47.173.105
233,Mariann,Sydney,msydney6g@woothemes.com,Female,57.147.147.115
234,Simonette,Hague,shague6h@msn.com,Female,99.30.39.114
235,Clyde,Itzik,citzik6i@google.com.hk,Male,118.141.131.180
236,Nance,Bedburrow,nbedburrow6j@upenn.edu,Genderqueer,239.161.45.103
237,Carey,Raybould,craybould6k@ihg.com,Male,46.162.11.137
238,Hedy,Duly,hduly6l@spiegel.de,Female,10.63.38.158
239,Martyn,Purkins,mpurkins6m@salon.com,Male,199.222.80.109
240,Niki,Lodden,nlodden6n@so-net.ne.jp,Male,93.68.65.120
241,Lutero,Jeacocke,ljeacocke6o@hubpages.com,Male,13.244.164.65
242,Chalmers,Shimmin,cshimmin6p@tuttocitta.it,Male,122.140.188.156
243,Stoddard,Mix,smix6q@cargocollective.com,Female,44.107.105.179
244,Clareta,Laurence,claurence6r@amazon.de,Female,180.9.253.184
245,Brade,Gunner,bgunner6s@springer.com,Male,143.123.215.11
246,Genovera,Egalton,gegalton6t@drupal.org,Female,232.127.89.85
247,Genna,Tapin,gtapin6u@usa.gov,Female,91.219.192.118
248,Nicolai,Jewson,njewson6v@hatena.ne.jp,Male,245.116.218.192
249,Cecil,Bulter,cbulter6w@goo.ne.jp,Male,163.128.165.7
250,Vernor,Meiner,vmeiner6x@irs.gov,Male,183.231.69.188
251,Cherry,Naire,cnaire6y@goo.gl,Female,91.128.148.160
252,Aharon,Pinkard,apinkard6z@guardian.co.uk,Genderfluid,67.61.101.210
253,Clem,Perry,cperry70@scientificamerican.com,Male,150.196.223.178
254,Shane,Sobczak,ssobczak71@google.com.br,Male,52.101.134.152
255,Smith,Guyers,sguyers72@blogs.com,Male,37.122.192.81
256,Kittie,Forsythe,kforsythe73@usda.gov,Female,42.96.188.101
257,Stafani,Chittie,schittie74@mysql.com,Female,161.113.142.4
258,Renelle,Dory,rdory75@livejournal.com,Female,111.135.156.142
259,Mahmud,Parzis,mparzis76@sfgate.com,Male,202.173.133.138
260,Charo,Ryman,cryman77@telegraph.co.uk,Female,188.240.0.85
261,Dennison,Swinburne,dswinburne78@wufoo.com,Male,20.176.70.12
262,Brynn,McCraw,bmccraw79@themeforest.net,Female,207.117.216.201
263,Carley,Bompas,cbompas7a@studiopress.com,Female,132.189.73.143
264,Melony,Tackes,mtackes7b@goo.ne.jp,Female,84.109.197.21
265,Klaus,Wickenden,kwickenden7c@harvard.edu,Male,83.210.229.31
266,Joshuah,St. John,jstjohn7d@fotki.com,Male,66.145.22.57
267,Felicia,Proschek,fproschek7e@prweb.com,Female,65.154.159.47
268,Englebert,Finan,efinan7f@webs.com,Male,93.117.227.111
269,Louie,McCullen,lmccullen7g@buzzfeed.com,Male,78.233.106.120
270,Auberon,Allport,aallport7h@bbc.co.uk,Male,61.50.39.165
271,Ki,Semble,ksemble7i@aol.com,Female,118.144.149.171
272,Tito,Rehm,trehm7j@lycos.com,Male,162.45.64.253
273,Alvis,Sogg,asogg7k@linkedin.com,Male,132.144.142.22
274,Maddie,Atthowe,matthowe7l@baidu.com,Female,73.254.157.178
275,Wernher,Foakes,wfoakes7m@psu.edu,Male,210.3.207.139
276,Abbye,Shimman,ashimman7n@biglobe.ne.jp,Female,105.242.98.6
277,Titus,Exer,texer7o@google.co.jp,Male,135.248.63.146
278,Gunar,Goodrick,ggoodrick7p@omniture.com,Male,198.124.45.0
279,Sean,O'Cahill,socahill7q@walmart.com,Male,170.107.116.225
280,Johannes,McKissack,jmckissack7r@engadget.com,Male,107.54.110.233
281,Tuck,Row,trow7s@latimes.com,Male,156.224.217.201
282,Pammi,Blythin,pblythin7t@si.edu,Female,35.80.48.80
283,Tiphanie,Seawell,tseawell7u@auda.org.au,Female,73.17.154.20
284,Jeffie,Ladley,jladley7v@slate.com,Male,180.191.228.250
285,Jimmy,Ivanets,jivanets7w@ning.com,Male,200.147.128.193
286,Stafani,Stanbro,sstanbro7x@dedecms.com,Female,56.70.142.177
287,Carolyne,Stollen,cstollen7y@4shared.com,Female,103.221.238.157
288,Cosetta,Speerman,cspeerman7z@google.pl,Female,83.238.214.191
289,Beryle,Baigent,bbaigent80@bandcamp.com,Female,184.254.65.99
290,Esme,Spraberry,espraberry81@com.com,Female,221.156.218.169
291,Gertruda,Meriot,gmeriot82@sitemeter.com,Female,17.154.40.214
292,Corrinne,Trippack,ctrippack83@oracle.com,Female,97.222.23.216
293,Mandi,Tuffrey,mtuffrey84@senate.gov,Female,61.202.35.94
294,Ive,Stoile,istoile85@hatena.ne.jp,Male,45.222.67.233
295,Florian,Bamlett,fbamlett86@sphinn.com,Male,30.87.42.29
296,Liliane,Dobbinson,ldobbinson87@phpbb.com,Female,180.41.186.71
297,Fitzgerald,Rubinowitz,frubinowitz88@chicagotribune.com,Male,158.9.114.176
298,Tess,Rasmus,trasmus89@hugedomains.com,Female,164.50.170.149
299,Rossy,West,rwest8a@netvibes.com,Male,213.31.98.216
300,Sollie,Dumphreys,sdumphreys8b@paginegialle.it,Male,206.76.150.148
301,Randie,Fortnam,rfortnam8c@over-blog.com,Male,90.21.159.113
302,Kaia,Over,kover8d@rambler.ru,Non-binary,0.103.45.95
303,Edan,Rebeiro,erebeiro8e@myspace.com,Male,46.203.231.26
304,Brad,Gerardeaux,bgerardeaux8f@gizmodo.com,Male,254.178.4.162
305,Skipper,Shoulder,sshoulder8g@nydailynews.com,Non-binary,181.53.212.62
306,Kelsey,Boost,kboost8h@sbwire.com,Male,198.48.115.212
307,Rick,Bendall,rbendall8i@posterous.com,Male,230.240.75.213
308,Shannan,Twyning,stwyning8j@eepurl.com,Bigender,37.207.154.173
309,Corrianne,Kempster,ckempster8k@thetimes.co.uk,Female,78.94.175.106
310,Pearl,Robus,probus8l@godaddy.com,Female,12.19.138.54
311,Xylina,Bronot,xbronot8m@scribd.com,Female,43.148.25.174
312,Gaye,Westrip,gwestrip8n@amazon.co.jp,Female,184.100.6.119
313,Gussy,Heliot,gheliot8o@mapy.cz,Female,186.241.141.3
314,Noam,Ollier,nollier8p@plala.or.jp,Male,67.14.73.159
315,Stanleigh,Absalom,sabsalom8q@twitter.com,Male,17.182.91.210
316,Darcie,Cuttle,dcuttle8r@skype.com,Female,235.43.36.97
317,Isacco,Staite,istaite8s@si.edu,Male,189.166.19.189
318,Rory,Pavel,rpavel8t@spotify.com,Male,96.135.124.242
319,Leonora,Comer,lcomer8u@cbslocal.com,Female,231.148.17.104
320,Sheffie,Rebichon,srebichon8v@nationalgeographic.com,Male,109.53.106.152
321,Roana,Zolini,rzolini8w@seesaa.net,Female,42.209.182.222
322,Gussy,Mogie,gmogie8x@seesaa.net,Agender,55.87.40.10
323,Ruperto,Norman,rnorman8y@psu.edu,Male,115.240.173.41
324,Garrett,Fraczak,gfraczak8z@wiley.com,Male,253.99.211.237
325,Tabby,Butrimovich,tbutrimovich90@usgs.gov,Male,234.226.147.103
326,Lise,Goodlet,lgoodlet91@usgs.gov,Female,152.161.91.101
327,Conny,Haggarty,chaggarty92@prlog.org,Female,234.189.142.225
328,Dareen,Fotheringham,dfotheringham93@wikispaces.com,Female,118.166.233.147
329,Saraann,Millhouse,smillhouse94@umn.edu,Female,244.18.69.222
330,Lucias,Kitter,lkitter95@amazon.de,Male,140.89.59.125
331,Caron,Gallehawk,cgallehawk96@businessinsider.com,Female,202.59.194.193
332,Sander,Skelbeck,sskelbeck97@fastcompany.com,Male,194.161.242.42
333,Correy,MacKenny,cmackenny98@shareasale.com,Male,131.32.221.88
334,Corry,Berick,cberick99@arstechnica.com,Female,226.162.11.146
335,Tana,Trevethan,ttrevethan9a@livejournal.com,Female,89.28.147.131
336,Zena,Doget,zdoget9b@nhs.uk,Female,92.204.26.254
337,Homere,Rowlstone,hrowlstone9c@storify.com,Male,84.233.56.156
338,Lanny,Tinline,ltinline9d@github.io,Male,42.176.157.85
339,Frankie,Binnes,fbinnes9e@tinyurl.com,Male,245.169.31.94
340,Suzette,Joselin,sjoselin9f@google.nl,Female,199.243.67.106
341,Dwayne,Bennellick,dbennellick9g@paypal.com,Male,233.84.159.151
342,Barron,Bolwell,bbolwell9h@seesaa.net,Male,48.45.175.39
343,Kerrin,Bello,kbello9i@yolasite.com,Female,25.92.202.214
344,Lance,Wallsam,lwallsam9j@free.fr,Male,166.166.9.197
345,Maximo,Stirzaker,mstirzaker9k@eventbrite.com,Male,113.14.97.232
346,Erin,Kimmince,ekimmince9l@cyberchimps.com,Female,84.152.72.23
347,Rayner,Carman,rcarman9m@opera.com,Male,111.29.158.168
348,Waneta,Karchowski,wkarchowski9n@economist.com,Female,45.32.7.73
349,Dallon,Surr,dsurr9o@berkeley.edu,Male,195.152.177.48
350,Stacee,Maffy,smaffy9p@mlb.com,Male,100.74.140.56
351,Marshal,Binch,mbinch9q@huffingtonpost.com,Male,92.226.8.83
352,Stevy,Teulier,steulier9r@vistaprint.com,Male,9.60.40.127
353,Maxie,Syder,msyder9s@myspace.com,Female,67.59.95.72
354,Binni,Muzzullo,bmuzzullo9t@patch.com,Female,174.53.88.189
355,Marcos,Manville,mmanville9u@oracle.com,Male,206.57.85.164
356,Gasparo,McCrossan,gmccrossan9v@yahoo.com,Male,131.200.167.204
357,Car,Darthe,cdarthe9w@studiopress.com,Male,230.141.234.56
358,Rosalinde,Gatley,rgatley9x@mozilla.com,Female,4.226.106.44
359,Robbyn,Huetson,rhuetson9y@g.co,Non-binary,166.179.31.27
360,Daria,Trott,dtrott9z@wsj.com,Female,69.217.207.28
361,Faina,Scothorne,fscothornea0@slashdot.org,Female,187.141.93.189
362,Christiana,Giamuzzo,cgiamuzzoa1@soundcloud.com,Female,188.108.113.88
363,Godfry,Feltham,gfelthama2@accuweather.com,Male,244.150.11.153
364,Fleming,Gilloran,fgillorana3@amazonaws.com,Male,11.197.18.11
365,Beale,Sharvell,bsharvella4@is.gd,Male,96.38.138.202
366,Dalton,Braunton,dbrauntona5@istockphoto.com,Male,36.35.11.47
367,Kattie,Worman,kwormana6@mozilla.org,Female,139.170.5.15
368,Verney,D'Elias,vdeliasa7@ustream.tv,Male,240.207.5.181
369,Marwin,Cail,mcaila8@go.com,Male,64.129.107.66
370,Latrena,Yakovliv,lyakovliva9@bloglovin.com,Female,4.141.236.164
371,Boote,O'Carran,bocarranaa@wikia.com,Male,48.224.138.138
372,Katherine,Sybbe,ksybbeab@dedecms.com,Female,91.199.79.235
373,Shanda,Axten,saxtenac@state.gov,Female,62.26.175.229
374,Crystie,Tabourel,ctabourelad@google.fr,Female,119.216.6.140
375,Rosana,Farress,rfarressae@answers.com,Female,54.22.36.56
376,Kikelia,Kantor,kkantoraf@hexun.com,Female,221.85.99.18
377,Fairleigh,Zambon,fzambonag@ox.ac.uk,Male,151.213.170.178
378,Mella,Itzkovici,mitzkoviciah@vimeo.com,Female,32.155.92.144
379,Denys,Blaiklock,dblaiklockai@washingtonpost.com,Female,160.143.27.219
380,Rochelle,Craigmile,rcraigmileaj@reuters.com,Female,246.8.1.240
381,Rik,Bruneau,rbruneauak@google.ca,Male,83.111.160.82
382,Esmeralda,Ghiroldi,eghiroldial@google.co.uk,Genderqueer,78.100.145.87
383,Britta,McPeake,bmcpeakeam@mit.edu,Female,217.243.223.33
384,Dunc,Kopta,dkoptaan@bloglovin.com,Male,251.107.135.121
385,Merilyn,Grono,mgronoao@home.pl,Female,9.56.65.164
386,Sheff,Gaythorpe,sgaythorpeap@cafepress.com,Male,82.103.116.148
387,Vanni,Belhomme,vbelhommeaq@utexas.edu,Agender,93.203.36.76
388,Chalmers,MacGebenay,cmacgebenayar@joomla.org,Male,138.137.9.31
389,Pembroke,Degoy,pdegoyas@dailymail.co.uk,Genderqueer,197.191.177.40
390,Sondra,Faithfull,sfaithfullat@ustream.tv,Female,58.204.65.122
391,Adan,Sudworth,asudworthau@youtu.be,Female,69.50.116.167
392,Aubert,Praten,apratenav@wordpress.com,Male,106.200.140.230
393,Lyndell,Mulqueen,lmulqueenaw@adobe.com,Female,90.245.234.37
394,Vale,Avarne,vavarneax@goodreads.com,Male,182.104.131.204
395,Myron,Marin,mmarinay@barnesandnoble.com,Male,246.215.172.230
396,Vyky,Petkovic,vpetkovicaz@bluehost.com,Female,210.196.2.108
397,Georgianne,Posen,gposenb0@biglobe.ne.jp,Female,5.138.108.64
398,Tomaso,Worham,tworhamb1@facebook.com,Bigender,228.249.28.165
399,Ronnie,Restorick,rrestorickb2@ucoz.com,Male,6.118.38.175
400,Ichabod,Danihelka,idanihelkab3@uiuc.edu,Male,223.9.178.168
401,Sile,Callaghan,scallaghanb4@ovh.net,Female,224.158.126.218
402,Theodore,Blythe,tblytheb5@instagram.com,Male,185.213.183.225
403,Van,Usborn,vusbornb6@cnn.com,Bigender,232.91.162.236
404,Decca,Goudard,dgoudardb7@issuu.com,Male,18.23.94.240
405,Deerdre,O' Loughran,doloughranb8@prweb.com,Female,53.148.191.75
406,Ranee,Bettley,rbettleyb9@homestead.com,Female,2.119.10.170
407,Gregoire,Palumbo,gpalumboba@tumblr.com,Male,118.218.77.232
408,Gratiana,Prier,gprierbb@github.io,Female,171.230.72.83
409,Eirena,Smaridge,esmaridgebc@hatena.ne.jp,Female,176.23.50.67
410,May,Walaron,mwalaronbd@ihg.com,Female,247.53.182.157
411,Jade,Eriksson,jerikssonbe@mozilla.com,Female,32.71.147.177
412,Svend,Hamments,shammentsbf@ezinearticles.com,Male,165.28.226.217
413,Horst,Tayspell,htayspellbg@youtube.com,Male,198.90.229.178
414,Yank,Voase,yvoasebh@cmu.edu,Male,78.58.137.18
415,Euphemia,Lawling,elawlingbi@wunderground.com,Female,179.110.114.14
416,Brenda,Upex,bupexbj@gov.uk,Female,151.118.93.222
417,Susanne,Ennew,sennewbk@merriam-webster.com,Female,41.1.132.136
418,Karen,Paliser,kpaliserbl@pcworld.com,Female,236.197.222.169
419,Cherrita,Aubri,caubribm@csmonitor.com,Genderqueer,102.71.204.52
420,Ursala,Gecke,ugeckebn@icq.com,Female,40.7.170.242
421,Urbain,Caudrelier,ucaudrelierbo@nifty.com,Male,134.73.107.33
422,Glori,Pringuer,gpringuerbp@princeton.edu,Female,119.141.223.27
423,Elfrieda,Karpmann,ekarpmannbq@w3.org,Female,146.122.6.122
424,Carver,Heathfield,cheathfieldbr@eepurl.com,Male,245.249.24.64
425,Zackariah,Hurlestone,zhurlestonebs@timesonline.co.uk,Non-binary,188.224.168.243
426,Gavin,Van der Son,gvandersonbt@bandcamp.com,Male,70.10.66.130
427,Verena,Whitlaw,vwhitlawbu@nature.com,Bigender,140.169.19.45
428,Godwin,Bolduc,gbolducbv@microsoft.com,Male,36.59.228.96
429,Philippine,Kenninghan,pkenninghanbw@linkedin.com,Female,220.180.52.236
430,Wiatt,Mapledoram,wmapledorambx@fda.gov,Male,50.234.135.64
431,Lannie,Corryer,lcorryerby@paginegialle.it,Male,123.179.121.175
432,Bird,Cappineer,bcappineerbz@state.gov,Female,254.156.175.147
433,Tremaine,Dobkin,tdobkinc0@moonfruit.com,Male,99.195.46.11
434,Debbie,Colegrove,dcolegrovec1@cnet.com,Polygender,94.89.88.218
435,Johnette,Lewinton,jlewintonc2@i2i.jp,Female,76.228.45.52
436,Alejoa,MacCardle,amaccardlec3@spiegel.de,Genderfluid,112.248.23.117
437,Pearline,O'Grogane,pogroganec4@pagesperso-orange.fr,Female,130.251.66.48
438,Hollyanne,Boswell,hboswellc5@gizmodo.com,Female,127.127.202.9
439,Rene,Roberto,rrobertoc6@nbcnews.com,Male,68.17.201.217
440,Ettie,Yendle,eyendlec7@creativecommons.org,Female,211.160.170.81
441,Breena,Sandys,bsandysc8@hhs.gov,Female,98.245.138.91
442,Allis,Arguile,aarguilec9@house.gov,Female,86.41.168.6
443,Bink,Mellows,bmellowsca@statcounter.com,Male,200.221.50.81
444,Claude,Spowart,cspowartcb@chicagotribune.com,Polygender,112.170.173.29
445,Rourke,Obell,robellcc@bbc.co.uk,Male,221.63.123.69
446,Tanitansy,Sheppey,tsheppeycd@amazon.de,Female,214.61.152.127
447,Hally,Aldie,haldiece@bloomberg.com,Female,163.199.132.48
448,Wilburt,Venton,wventoncf@woothemes.com,Male,14.2.248.242
449,Doe,McRuvie,dmcruviecg@google.com.hk,Non-binary,88.132.198.152
450,Monica,Titcom,mtitcomch@stanford.edu,Female,27.82.90.228
451,Ingar,Seczyk,iseczykci@gov.uk,Male,6.241.254.242
452,Austen,Spary,asparycj@sourceforge.net,Bigender,254.224.174.56
453,Alphonse,Campagne,acampagneck@taobao.com,Genderfluid,176.204.108.185
454,Elisha,Bello,ebellocl@spotify.com,Male,222.137.72.82
455,Mahmoud,Bradnick,mbradnickcm@house.gov,Male,118.17.225.131
456,Jessy,Morter,jmortercn@house.gov,Non-binary,180.91.99.177
457,Avrit,Stealfox,astealfoxco@home.pl,Female,240.38.105.112
458,Heidi,Lodford,hlodfordcp@tuttocitta.it,Female,50.181.215.186
459,Dodie,Bartoszewski,dbartoszewskicq@ucla.edu,Polygender,60.204.79.118
460,Irvine,Crinage,icrinagecr@imdb.com,Male,133.17.127.211
461,Angelika,Skentelbery,askentelberycs@cafepress.com,Female,110.237.244.186
462,Livia,Fruin,lfruinct@biglobe.ne.jp,Female,2.117.238.122
463,Betteanne,Mollindinia,bmollindiniacu@mail.ru,Female,91.22.139.62
464,Etheline,Brahan,ebrahancv@fastcompany.com,Female,206.107.77.156
465,Pietrek,Bartlomiejczyk,pbartlomiejczykcw@noaa.gov,Bigender,71.121.59.2
466,Deloris,Wordsley,dwordsleycx@jiathis.com,Female,81.225.77.28
467,Filia,Scourgie,fscourgiecy@addthis.com,Female,73.134.203.234
468,Gabie,Asquez,gasquezcz@alibaba.com,Female,200.35.142.210
469,Urban,Swatheridge,uswatheridged0@arizona.edu,Male,232.94.45.129
470,Hall,Flaubert,hflaubertd1@feedburner.com,Male,89.210.252.130
471,Ingrim,Thiem,ithiemd2@sciencedirect.com,Male,163.136.70.143
472,Mady,Margram,mmargramd3@sphinn.com,Female,108.130.155.79
473,Adolph,Dunstone,adunstoned4@vistaprint.com,Male,251.198.62.151
474,Rorke,O'Hannen,rohannend5@auda.org.au,Male,98.190.118.253
475,Claudian,Goalby,cgoalbyd6@msn.com,Male,145.35.4.186
476,Josie,Tomsu,jtomsud7@jiathis.com,Female,85.166.1.68
477,Gussi,Cleevely,gcleevelyd8@kickstarter.com,Female,170.60.185.116
478,Brandais,Woodward,bwoodwardd9@php.net,Female,91.205.13.165
479,Phylis,Lodeke,plodekeda@biglobe.ne.jp,Female,195.183.155.172
480,Vincent,Bouldon,vbouldondb@npr.org,Male,190.58.231.159
481,Selma,Gandy,sgandydc@angelfire.com,Female,84.181.39.178
482,Doll,Scandred,dscandreddd@drupal.org,Female,137.143.53.45
483,Blake,Murrish,bmurrishde@amazon.de,Female,73.5.3.73
484,Broderic,Lehrmann,blehrmanndf@upenn.edu,Male,67.149.170.112
485,Daisi,Reilingen,dreilingendg@1und1.de,Female,147.168.161.172
486,Opaline,Trudgion,otrudgiondh@weather.com,Female,122.73.16.189
487,Moe,Verty,mvertydi@feedburner.com,Male,25.31.118.91
488,Vanya,Robbert,vrobbertdj@hubpages.com,Non-binary,135.110.38.237
489,Sylas,Demongeot,sdemongeotdk@opensource.org,Male,172.78.115.110
490,Ulrica,Rhodus,urhodusdl@freewebs.com,Female,196.127.142.243
491,Taddeo,Donohoe,tdonohoedm@independent.co.uk,Male,124.157.132.78
492,Aili,Yakunin,ayakunindn@wikipedia.org,Female,87.34.74.183
493,Vaughan,Camin,vcamindo@japanpost.jp,Male,128.222.136.144
494,Hobey,Skipsey,hskipseydp@smugmug.com,Male,215.124.221.38
495,Natal,Cavanagh,ncavanaghdq@statcounter.com,Male,25.214.68.70
496,Helenelizabeth,Poolman,hpoolmandr@noaa.gov,Female,132.99.124.90
497,Meredithe,Antczak,mantczakds@booking.com,Female,195.199.207.53
498,Skippie,Middell,smiddelldt@csmonitor.com,Male,221.95.213.45
499,Gare,Manuello,gmanuellodu@nsw.gov.au,Male,160.63.152.235
500,Sophi,Brideaux,sbrideauxdv@biblegateway.com,Female,101.156.46.219
501,Netta,Bordessa,nbordessadw@zimbio.com,Female,199.152.106.60
502,Michele,Jahnel,mjahneldx@uol.com.br,Non-binary,233.69.118.135
503,Dougie,Darrow,ddarrowdy@bluehost.com,Male,241.172.16.174
504,Basilius,Worton,bwortondz@behance.net,Male,56.197.131.66
505,Solly,Weadick,sweadicke0@wiley.com,Male,158.124.143.94
506,Colly,Cowdery,ccowderye1@weebly.com,Female,214.55.245.210
507,Seward,Baldacco,sbaldaccoe2@pbs.org,Male,185.129.133.229
508,Vincenz,Aubry,vaubrye3@cyberchimps.com,Male,96.91.119.5
509,Rusty,Rutherforth,rrutherforthe4@moonfruit.com,Male,225.143.194.5
510,Rickey,Kerfut,rkerfute5@wix.com,Male,119.36.173.59
511,Josefa,Storcke,jstorckee6@sphinn.com,Female,205.147.64.105
512,Aline,Grigolon,agrigolone7@nba.com,Female,169.178.170.113
513,Hazel,Paxton,hpaxtone8@spiegel.de,Male,148.38.8.249
514,Cornie,Gorton,cgortone9@tamu.edu,Female,196.81.102.66
515,Xever,Evenett,xevenettea@google.ca,Male,113.78.151.106
516,Becky,Ruperto,brupertoeb@ed.gov,Female,109.74.211.58
517,Fionna,Aldritt,faldrittec@zimbio.com,Female,104.93.148.185
518,Val,Palke,vpalkeed@europa.eu,Female,155.133.174.178
519,Kenny,Mowbray,kmowbrayee@xing.com,Male,118.99.242.204
520,Tressa,Frears,tfrearsef@si.edu,Bigender,30.38.36.3
521,Marguerite,Everington,meveringtoneg@godaddy.com,Female,142.232.184.75
522,Arleen,Lawther,alawthereh@marriott.com,Female,53.13.116.226
523,Tamarra,Ferronier,tferronierei@themeforest.net,Female,211.208.127.139
524,Constanta,Perel,cperelej@networksolutions.com,Female,112.82.86.173
525,Costanza,Feighry,cfeighryek@webnode.com,Female,153.86.225.122
526,Moise,Urrey,murreyel@blog.com,Male,50.73.98.37
527,Frankie,Gauthorpp,fgauthorppem@mac.com,Male,152.74.34.77
528,Freddy,Oddey,foddeyen@hao123.com,Genderfluid,24.197.147.41
529,Brunhilde,Olcot,bolcoteo@si.edu,Agender,67.189.113.158
530,Veronika,Gyenes,vgyenesep@chron.com,Female,46.124.239.31
531,Hedi,Krystof,hkrystofeq@wix.com,Female,37.245.155.47
532,Joseito,Geely,jgeelyer@over-blog.com,Male,17.240.119.216
533,Adlai,Ashdown,aashdownes@ehow.com,Male,163.171.173.209
534,Shandra,Duer,sdueret@prlog.org,Genderqueer,90.11.63.121
535,Jessika,Sheard,jsheardeu@hibu.com,Female,217.148.249.38
536,Keelby,McFetridge,kmcfetridgeev@amazon.com,Male,156.219.112.132
537,Rubia,O'Curneen,rocurneenew@opensource.org,Female,90.189.20.178
538,Brod,Dedam,bdedamex@ft.com,Polygender,25.79.98.144
539,Alphonse,McNea,amcneaey@cbslocal.com,Male,159.10.223.5
540,Marilyn,Panichelli,mpanichelliez@epa.gov,Female,215.10.225.191
541,Dorolice,Targett,dtargettf0@exblog.jp,Female,5.222.213.145
542,Britt,Vaun,bvaunf1@360.cn,Female,149.54.141.45
543,Lena,Rawstorne,lrawstornef2@51.la,Female,10.194.192.179
544,Shelton,Eldin,seldinf3@illinois.edu,Male,204.86.18.255
545,Violette,Dinjes,vdinjesf4@marketwatch.com,Female,183.226.53.243
546,Taryn,Gebuhr,tgebuhrf5@sciencedaily.com,Female,112.233.37.120
547,Matthus,Semken,msemkenf6@craigslist.org,Male,102.79.70.129
548,Cesya,Cardillo,ccardillof7@slate.com,Female,45.62.42.107
549,Son,Beevor,sbeevorf8@who.int,Male,242.173.206.226
550,Mina,Sinncock,msinncockf9@odnoklassniki.ru,Genderqueer,153.73.182.81
551,Fanechka,Smallacombe,fsmallacombefa@dell.com,Bigender,158.73.233.126
552,Chaunce,Kelwick,ckelwickfb@phpbb.com,Male,130.213.213.251
553,Mae,Hamelyn,mhamelynfc@prnewswire.com,Female,27.66.240.140
554,Kameko,Heynen,kheynenfd@examiner.com,Female,20.54.131.208
555,Hieronymus,Swiffan,hswiffanfe@123-reg.co.uk,Male,114.152.16.184
556,Malissa,Spurdle,mspurdleff@umn.edu,Female,25.170.190.191
557,Valdemar,Shortt,vshorttfg@sitemeter.com,Male,170.212.250.1
558,Roshelle,Truce,rtrucefh@godaddy.com,Female,168.121.15.8
559,Cheri,Ashbridge,cashbridgefi@parallels.com,Female,63.252.100.211
560,Tobit,Passion,tpassionfj@japanpost.jp,Male,136.8.101.148
561,Morgan,Cahn,mcahnfk@scribd.com,Bigender,240.50.0.58
562,Shelby,Gentle,sgentlefl@exblog.jp,Male,127.25.209.18
563,Raul,Hendrick,rhendrickfm@slate.com,Male,231.116.40.181
564,Grier,Wieprecht,gwieprechtfn@statcounter.com,Female,192.217.152.161
565,Waylon,Hargrove,whargrovefo@msu.edu,Male,60.210.218.31
566,Butch,Kenealy,bkenealyfp@php.net,Male,255.170.145.47
567,Jayme,Pudan,jpudanfq@paypal.com,Male,123.176.215.191
568,Edwin,Laweles,elawelesfr@nytimes.com,Male,181.52.191.29
569,Sloan,Floyed,sfloyedfs@cnbc.com,Male,56.165.8.174
570,Virge,Christol,vchristolft@vimeo.com,Bigender,63.237.119.127
571,Giordano,Love,glovefu@wikimedia.org,Male,207.14.85.172
572,Ardys,Macon,amaconfv@qq.com,Female,208.79.180.4
573,Sophie,Lerohan,slerohanfw@hhs.gov,Female,158.82.94.211
574,Lynn,De Mitris,ldemitrisfx@wisc.edu,Male,185.141.161.176
575,Alexandre,Doul,adoulfy@cdbaby.com,Male,206.168.185.30
576,Archambault,Sneath,asneathfz@addtoany.com,Male,184.44.217.172
577,Ikey,Wyman,iwymang0@reference.com,Male,133.54.98.140
578,Elnore,Pipping,epippingg1@ed.gov,Female,41.39.63.142
579,Emelda,Sivier,esivierg2@slideshare.net,Female,102.35.217.253
580,Yulma,Titheridge,ytitheridgeg3@hp.com,Male,8.1.85.158
581,Ansell,Adhams,aadhamsg4@apache.org,Male,73.231.237.107
582,Mariana,Pile,mpileg5@economist.com,Female,168.209.247.19
583,Kasey,Salzberger,ksalzbergerg6@indiatimes.com,Female,154.140.239.60
584,Eartha,Dewerson,edewersong7@blog.com,Female,253.71.204.181
585,Mireielle,Wickie,mwickieg8@webeden.co.uk,Female,221.192.34.53
586,Kathryn,Charkham,kcharkhamg9@yellowbook.com,Female,136.59.27.116
587,Beauregard,Watson-Brown,bwatsonbrownga@dot.gov,Male,10.49.37.214
588,Ludovika,Chattington,lchattingtongb@zdnet.com,Female,37.196.130.86
589,Gerry,Rens,grensgc@comsenz.com,Male,95.178.41.24
590,Flossi,Forrington,fforringtongd@psu.edu,Non-binary,214.249.77.17
591,Demetris,Napper,dnapperge@topsy.com,Male,26.20.19.197
592,Albrecht,Inman,ainmangf@dion.ne.jp,Male,72.80.56.151
593,Reynold,Gurner,rgurnergg@hatena.ne.jp,Male,102.140.184.69
594,Dacey,Disman,ddismangh@creativecommons.org,Female,210.198.102.70
595,Myles,Meharry,mmeharrygi@hexun.com,Male,213.211.191.110
596,Penelopa,Littell,plittellgj@umn.edu,Female,169.193.108.5
597,Storm,Pomery,spomerygk@ycombinator.com,Female,151.62.251.207
598,Jackson,Coggen,jcoggengl@mail.ru,Male,10.108.73.156
599,Alphard,Shwenn,ashwenngm@reverbnation.com,Male,145.20.4.198
600,Carey,Tarpey,ctarpeygn@creativecommons.org,Female,173.155.2.195
601,Riannon,Manilow,rmanilowgo@drupal.org,Polygender,182.67.17.113
602,Phillipe,Crone,pcronegp@slideshare.net,Male,215.174.219.34
603,Kylen,Gosz,kgoszgq@usda.gov,Female,39.211.129.87
604,Jean,Troctor,jtroctorgr@unicef.org,Male,145.179.145.188
605,Al,Such,asuchgs@networkadvertising.org,Agender,113.99.111.148
606,Sibylla,Ponting,spontinggt@auda.org.au,Female,32.210.147.56
607,Dietrich,Diemer,ddiemergu@msn.com,Male,110.3.15.231
608,Hanna,Titmuss,htitmussgv@twitter.com,Female,248.144.188.124
609,Kaitlin,Borlease,kborleasegw@fda.gov,Female,95.63.115.8
610,Hunfredo,Alfonso,halfonsogx@google.co.jp,Male,72.38.65.173
611,Stefan,Gapp,sgappgy@ox.ac.uk,Male,249.160.79.14
612,Bent,Mease,bmeasegz@spiegel.de,Male,249.168.227.245
613,Tobit,Pepper,tpepperh0@alexa.com,Male,83.26.204.134
614,Buddie,Brugh,bbrughh1@deliciousdays.com,Male,22.79.86.94
615,Ossie,O' Dooley,oodooleyh2@stanford.edu,Male,138.21.178.193
616,Abby,Wraith,awraithh3@blog.com,Female,35.117.24.164
617,Emery,Denford,edenfordh4@cornell.edu,Male,90.223.120.115
618,Sibby,Miranda,smirandah5@hp.com,Genderfluid,118.242.177.143
619,Maxim,Pioch,mpiochh6@seesaa.net,Agender,12.19.233.239
620,Rance,Carlin,rcarlinh7@utexas.edu,Male,177.192.27.201
621,Kurt,Odney,kodneyh8@slate.com,Male,83.100.142.24
622,Gabriele,Amiss,gamissh9@cnn.com,Male,219.206.115.59
623,Milty,Jouhan,mjouhanha@ocn.ne.jp,Male,135.225.4.68
624,Karlens,Jahndel,kjahndelhb@woothemes.com,Male,99.178.2.9
625,Orv,Kenna,okennahc@wix.com,Male,166.205.37.26
626,Yvon,Marcussen,ymarcussenhd@soup.io,Male,45.78.128.210
627,Hodge,Muggach,hmuggachhe@360.cn,Male,229.67.203.20
628,Kellina,Redwin,kredwinhf@whitehouse.gov,Female,72.192.86.37
629,Adina,Fellow,afellowhg@ucsd.edu,Female,138.79.112.11
630,Sigfried,Tytcomb,stytcombhh@sciencedirect.com,Male,55.126.176.253
631,Rosalynd,Hayer,rhayerhi@google.co.jp,Female,98.99.172.225
632,Saundra,Macenzy,smacenzyhj@springer.com,Female,180.56.141.6
633,Lin,Kennham,lkennhamhk@comsenz.com,Male,161.185.137.245
634,Kippy,MacCrachen,kmaccrachenhl@imageshack.us,Male,18.57.246.110
635,Hermy,Pearman,hpearmanhm@tamu.edu,Male,5.113.35.1
636,Zach,Halahan,zhalahanhn@globo.com,Male,66.125.26.191
637,Kile,Skeldon,kskeldonho@privacy.gov.au,Male,205.141.69.236
638,Humbert,Hurdis,hhurdishp@mozilla.com,Male,117.33.148.132
639,Sayre,Bucklan,sbucklanhq@accuweather.com,Male,168.117.28.214
640,Vilhelmina,Kumaar,vkumaarhr@free.fr,Female,216.128.153.32
641,Minta,Forrest,mforresths@seattletimes.com,Female,197.157.29.218
642,Adlai,Tourot,atourotht@hexun.com,Male,152.251.24.112
643,Sibyl,Knappen,sknappenhu@accuweather.com,Male,204.63.145.223
644,Daniela,Duxbury,dduxburyhv@fema.gov,Female,235.7.34.62
645,Jarrad,Baugh,jbaughhw@dion.ne.jp,Male,111.132.61.82
646,Cheston,Twitching,ctwitchinghx@reverbnation.com,Male,117.24.235.30
647,Becky,Daftor,bdaftorhy@spiegel.de,Female,192.153.79.110
648,Dewie,Maystone,dmaystonehz@reverbnation.com,Male,2.194.37.177
649,Britt,Brandoni,bbrandonii0@weebly.com,Male,28.191.189.90
650,Christopher,Kienle,ckienlei1@cloudflare.com,Male,208.255.47.74
651,Tiffani,Autin,tautini2@jigsy.com,Female,202.33.41.29
652,Sissy,Du Pre,sduprei3@indiatimes.com,Female,84.199.116.244
653,Kiley,Minnis,kminnisi4@furl.net,Male,250.104.79.18
654,Maximilien,Montrose,mmontrosei5@china.com.cn,Male,231.154.9.208
655,Dody,Mignot,dmignoti6@vkontakte.ru,Female,70.40.68.189
656,Sari,Van der Kruys,svanderkruysi7@theguardian.com,Female,240.20.197.65
657,Kania,Tribbeck,ktribbecki8@cnbc.com,Female,125.204.14.130
658,Amii,Salvadore,asalvadorei9@g.co,Female,95.135.83.67
659,Ruttger,Yvens,ryvensia@ameblo.jp,Bigender,160.151.124.26
660,Homere,Padwick,hpadwickib@state.tx.us,Male,101.253.71.111
661,Beatrix,Kiehnlt,bkiehnltic@census.gov,Female,9.205.192.68
662,Alisa,Abramin,aabraminid@businessinsider.com,Female,49.232.62.58
663,Kaleena,Battams,kbattamsie@t-online.de,Female,93.217.26.47
664,Quincy,Burdis,qburdisif@craigslist.org,Male,240.81.2.2
665,Rochester,Mossom,rmossomig@constantcontact.com,Male,151.11.150.27
666,Don,Vass,dvassih@virginia.edu,Male,50.48.239.228
667,Darryl,Arnholtz,darnholtzii@csmonitor.com,Female,73.56.194.140
668,Alyda,Rojel,arojelij@va.gov,Polygender,190.37.228.36
669,Barnaby,Boreham,bborehamik@purevolume.com,Male,93.124.95.72
670,Belicia,Grastye,bgrastyeil@jigsy.com,Female,191.77.11.175
671,Clerkclaude,Elleray,cellerayim@dyndns.org,Male,188.49.58.70
672,Malcolm,Bolding,mboldingin@macromedia.com,Male,78.221.147.86
673,Osborne,Polfer,opolferio@blogs.com,Genderqueer,36.218.34.229
674,Bobbie,Cockerell,bcockerellip@purevolume.com,Male,107.175.172.149
675,Cordie,Rafferty,craffertyiq@opera.com,Female,224.155.216.73
676,Joycelin,Gibbieson,jgibbiesonir@google.com.au,Female,87.226.17.49
677,Rafaelita,Phalp,rphalpis@yahoo.com,Female,181.251.169.1
678,Rand,Matyushenko,rmatyushenkoit@bing.com,Male,50.229.77.60
679,Jere,Holcroft,jholcroftiu@constantcontact.com,Female,211.10.172.129
680,Malina,Demcak,mdemcakiv@goo.ne.jp,Genderfluid,176.54.13.90
681,Bel,Slatter,bslatteriw@multiply.com,Female,195.225.148.20
682,Sibeal,Mattioni,smattioniix@qq.com,Female,204.112.74.174
683,Fielding,Piatto,fpiattoiy@ted.com,Male,35.15.33.112
684,Mervin,Kaser,mkaseriz@addtoany.com,Male,149.114.128.42
685,Hollis,Lumsdon,hlumsdonj0@drupal.org,Non-binary,90.35.252.11
686,Sol,Fierman,sfiermanj1@accuweather.com,Male,108.61.236.226
687,Davin,Kindleysides,dkindleysidesj2@pen.io,Male,85.251.93.168
688,Mirabelle,Rouse,mrousej3@wordpress.org,Female,48.214.129.229
689,Alphonso,Ausello,aauselloj4@stanford.edu,Male,46.5.120.21
690,Kellia,Tourville,ktourvillej5@soup.io,Genderqueer,161.213.253.62
691,Brandice,Lighten,blightenj6@wunderground.com,Female,2.248.81.38
692,Eduino,Pratley,epratleyj7@theguardian.com,Polygender,59.86.52.254
693,Catlaina,Braga,cbragaj8@netlog.com,Non-binary,131.149.16.213
694,Cristobal,Wetherburn,cwetherburnj9@elpais.com,Male,138.254.183.161
695,Phillipp,Rospars,prosparsja@timesonline.co.uk,Male,60.145.255.98
696,Wesley,Burroughes,wburroughesjb@uiuc.edu,Male,154.132.198.49
697,Janenna,Cockerham,jcockerhamjc@redcross.org,Female,28.33.42.28
698,Ruthann,Lippett,rlippettjd@live.com,Female,138.35.172.18
699,Tod,Keys,tkeysje@mozilla.org,Male,246.29.120.222
700,Parke,Langworthy,plangworthyjf@uol.com.br,Male,199.10.71.218
701,Jerrome,MacRonald,jmacronaldjg@who.int,Male,213.101.223.0
702,Shanna,Gagg,sgaggjh@alibaba.com,Female,217.120.74.63
703,Pate,Drance,pdranceji@state.tx.us,Male,4.152.212.81
704,Anne-marie,Weekly,aweeklyjj@apple.com,Female,231.68.4.53
705,Kettie,Gooda,kgoodajk@slideshare.net,Female,143.45.254.104
706,Araldo,Vigietti,avigiettijl@zimbio.com,Non-binary,194.138.39.61
707,Shantee,Pidwell,spidwelljm@bbb.org,Female,61.134.55.63
708,Nerta,Shervil,nsherviljn@dmoz.org,Female,32.1.124.181
709,Quinton,Capner,qcapnerjo@businesswire.com,Male,183.72.93.3
710,Odele,Tardiff,otardiffjp@ocn.ne.jp,Female,90.88.78.56
711,Alfie,Nalder,analderjq@ocn.ne.jp,Agender,150.33.236.226
712,Dahlia,Henkmann,dhenkmannjr@mozilla.org,Female,166.211.201.152
713,Barbabas,Gallafant,bgallafantjs@pbs.org,Male,86.110.243.73
714,Rozele,Eldred,reldredjt@live.com,Female,156.181.107.223
715,Adelle,Emmitt,aemmittju@army.mil,Female,84.29.193.27
716,Lauritz,Piniur,lpiniurjv@bbc.co.uk,Male,118.196.50.104
717,Joanie,Delieu,jdelieujw@reuters.com,Female,132.65.195.99
718,James,Deerness,jdeernessjx@aboutads.info,Male,121.225.42.232
719,Yancey,Michele,ymichelejy@earthlink.net,Male,122.118.95.209
720,Alexine,Biss,abissjz@indiatimes.com,Female,226.106.31.227
721,Paige,Pykett,ppykettk0@samsung.com,Male,147.24.174.64
722,Martainn,Coulbeck,mcoulbeckk1@domainmarket.com,Male,236.236.74.21
723,Scotty,Gibard,sgibardk2@meetup.com,Male,189.68.61.48
724,Dani,Waples,dwaplesk3@cnet.com,Female,224.127.133.185
725,Mick,Ducket,mducketk4@wunderground.com,Male,246.111.95.228
726,Mara,Elloit,melloitk5@xrea.com,Female,67.41.236.22
727,Wit,Dundridge,wdundridgek6@narod.ru,Male,192.232.45.220
728,Edith,Bendon,ebendonk7@meetup.com,Female,150.159.238.68
729,Marni,Streetley,mstreetleyk8@amazon.com,Female,93.55.228.55
730,Kearney,Jakab,kjakabk9@360.cn,Male,60.21.214.172
731,Virgina,Laurenz,vlaurenzka@odnoklassniki.ru,Female,102.69.117.165
732,Franz,Smyley,fsmyleykb@noaa.gov,Male,185.134.72.170
733,Chrotoem,Caudle,ccaudlekc@hexun.com,Male,213.100.228.90
734,Vernon,Ormistone,vormistonekd@google.fr,Polygender,77.117.158.211
735,Enrika,Trimmill,etrimmillke@oracle.com,Female,195.224.102.197
736,Kaylyn,Cheale,kchealekf@wisc.edu,Female,72.164.30.105
737,Bidget,Jeffs,bjeffskg@vimeo.com,Female,51.59.146.110
738,Mack,Slewcock,mslewcockkh@plala.or.jp,Male,159.232.231.34
739,Pat,Stenners,pstennerski@delicious.com,Male,32.186.71.65
740,Olivette,Cossum,ocossumkj@woothemes.com,Female,144.50.112.214
741,Lidia,Eade,leadekk@guardian.co.uk,Female,150.136.190.226
742,Symon,Cookney,scookneykl@paginegialle.it,Male,9.36.216.178
743,Lemmie,Soares,lsoareskm@biglobe.ne.jp,Male,194.122.126.29
744,Demetris,Shortcliffe,dshortcliffekn@earthlink.net,Female,208.169.234.245
745,Penrod,Heathorn,pheathornko@pen.io,Male,50.27.128.245
746,Federico,Loble,floblekp@people.com.cn,Male,193.102.208.42
747,Darrell,Fairweather,dfairweatherkq@dagondesign.com,Male,160.223.58.5
748,Ralph,Candwell,rcandwellkr@marketwatch.com,Male,92.74.174.153
749,Rhea,Newhouse,rnewhouseks@mapy.cz,Female,81.181.87.191
750,Lazaro,Estick,lestickkt@howstuffworks.com,Male,100.171.89.15
751,Barret,Gout,bgoutku@cloudflare.com,Male,144.150.90.105
752,Obadias,Allington,oallingtonkv@ebay.com,Male,217.193.217.229
753,Aurore,Charlwood,acharlwoodkw@nasa.gov,Female,202.239.132.56
754,Patrica,Tousey,ptouseykx@icio.us,Female,129.102.193.246
755,Nat,Brave,nbraveky@twitter.com,Female,22.109.174.107
756,Christian,Stivens,cstivenskz@fema.gov,Male,135.86.31.224
757,Jacenta,Stener,jstenerl0@usda.gov,Female,38.106.86.63
758,Florinda,Dome,fdomel1@tuttocitta.it,Female,174.14.155.13
759,Stirling,McVity,smcvityl2@yale.edu,Male,147.124.57.139
760,Cami,Hurst,churstl3@trellian.com,Female,127.199.172.27
761,Tracy,Renak,trenakl4@huffingtonpost.com,Bigender,160.125.149.96
762,Fabio,Shapiro,fshapirol5@php.net,Male,107.90.72.214
763,Arda,Kernaghan,akernaghanl6@unicef.org,Female,1.113.223.83
764,Terza,Baddow,tbaddowl7@ameblo.jp,Female,132.219.84.238
765,Pollyanna,Greger,pgregerl8@utexas.edu,Female,150.145.184.240
766,Sandro,Vellacott,svellacottl9@plala.or.jp,Agender,22.189.217.151
767,Rivkah,Kharchinski,rkharchinskila@nytimes.com,Female,151.25.5.71
768,Sharon,Matisoff,smatisofflb@miibeian.gov.cn,Female,19.189.83.8
769,Bartholomew,Doubleday,bdoubledaylc@washingtonpost.com,Male,196.120.137.229
770,Findley,Smithen,fsmithenld@buzzfeed.com,Male,103.226.22.169
771,Yolande,MacGraith,ymacgraithle@nydailynews.com,Female,41.24.135.85
772,Keriann,Omond,komondlf@a8.net,Female,121.208.191.96
773,Athena,Ellsbury,aellsburylg@seattletimes.com,Female,88.227.14.113
774,Portia,Margaritelli,pmargaritellilh@prweb.com,Female,255.16.122.225
775,Bethina,Phoebe,bphoebeli@last.fm,Female,245.234.189.156
776,Laureen,Culross,lculrosslj@imageshack.us,Female,191.47.203.151
777,Rhody,Baudacci,rbaudaccilk@cbslocal.com,Female,8.58.32.66
778,Alex,Donnison,adonnisonll@zimbio.com,Female,50.10.30.184
779,Blakelee,Dummer,bdummerlm@cafepress.com,Female,157.27.178.251
780,Fabien,Spedding,fspeddingln@independent.co.uk,Genderfluid,41.3.42.119
781,Sharona,Ivashintsov,sivashintsovlo@wisc.edu,Female,201.157.166.187
782,Florian,Fripps,ffrippslp@tripod.com,Male,128.173.117.219
783,Emory,Broseman,ebrosemanlq@bizjournals.com,Male,51.133.42.13
784,Tully,Clinton,tclintonlr@newsvine.com,Male,244.213.130.252
785,Bartolomeo,Drage,bdragels@photobucket.com,Male,208.103.143.87
786,Veriee,Redihough,vredihoughlt@ehow.com,Female,87.137.46.139
787,Natale,Mitchard,nmitchardlu@ehow.com,Male,134.54.51.19
788,Gui,Dowdney,gdowdneylv@jigsy.com,Female,138.157.242.98
789,Guillermo,Attenbrow,gattenbrowlw@accuweather.com,Male,220.187.200.174
790,Saul,Perren,sperrenlx@icio.us,Male,51.169.94.5
791,Sigrid,Petti,spettily@hc360.com,Female,215.132.6.10
792,Fax,Dutton,fduttonlz@php.net,Male,130.27.67.217
793,Adair,Larvent,alarventm0@spiegel.de,Male,185.133.54.42
794,Alys,Ayllett,aayllettm1@eventbrite.com,Female,73.118.247.20
795,Toiboid,Dibbe,tdibbem2@unesco.org,Male,237.47.102.127
796,Baudoin,Lackie,blackiem3@illinois.edu,Male,192.196.28.240
797,Chelsie,Denidge,cdenidgem4@blogtalkradio.com,Female,20.110.82.43
798,Cornelia,Bedrosian,cbedrosianm5@sfgate.com,Female,59.80.44.91
799,Mehetabel,Allenby,mallenbym6@github.io,Female,110.5.221.53
800,Romain,Langmaid,rlangmaidm7@icio.us,Male,1.214.207.228
801,Rosella,Danshin,rdanshinm8@techcrunch.com,Female,10.175.72.14
802,Neddy,Heugle,nheuglem9@globo.com,Male,237.214.139.185
803,Malissa,Donahue,mdonahuema@devhub.com,Genderqueer,42.177.85.122
804,Kaspar,Trinder,ktrindermb@pen.io,Male,137.135.149.255
805,Vivian,Kenner,vkennermc@4shared.com,Female,80.75.125.169
806,Clair,Linnard,clinnardmd@1und1.de,Agender,14.191.245.20
807,Sandra,Biasioli,sbiasiolime@storify.com,Female,236.84.58.3
808,Griffin,Turone,gturonemf@narod.ru,Male,157.234.136.249
809,Catherin,Greenway,cgreenwaymg@geocities.com,Female,24.193.101.81
810,Cristi,Valentin,cvalentinmh@msu.edu,Genderqueer,224.227.87.227
811,Paige,Fullstone,pfullstonemi@cloudflare.com,Male,40.131.61.167
812,Raddie,Candie,rcandiemj@exblog.jp,Male,99.83.123.118
813,Randy,Cadore,rcadoremk@deliciousdays.com,Bigender,22.141.84.132
814,Cyndy,McCart,cmccartml@google.com.au,Female,20.193.70.170
815,Beitris,Legen,blegenmm@issuu.com,Female,223.142.137.98
816,Audy,Fawlkes,afawlkesmn@youku.com,Female,180.181.51.189
817,Horacio,Micheli,hmichelimo@bbb.org,Male,66.152.50.78
818,Amalee,Fellenor,afellenormp@guardian.co.uk,Female,88.159.97.150
819,Joey,Thecham,jthechammq@ifeng.com,Male,188.75.194.52
820,Joelle,Phateplace,jphateplacemr@amazon.co.jp,Female,255.133.115.150
821,Margarette,Franies,mfraniesms@pen.io,Female,57.77.90.108
822,Harwilll,Gilfether,hgilfethermt@illinois.edu,Male,156.226.117.161
823,Ara,Jestico,ajesticomu@cbslocal.com,Female,33.136.19.239
824,Harcourt,Bothams,hbothamsmv@sbwire.com,Male,116.145.166.191
825,Micky,Lacky,mlackymw@army.mil,Male,152.96.152.103
826,Annabella,Cureton,acuretonmx@timesonline.co.uk,Female,223.191.218.253
827,Sile,Walwood,swalwoodmy@ocn.ne.jp,Female,189.63.26.52
828,Meggie,Middlemist,mmiddlemistmz@umich.edu,Female,66.183.189.202
829,Jerrie,Shoulder,jshouldern0@cargocollective.com,Male,185.237.164.246
830,Tye,MacNeilley,tmacneilleyn1@ustream.tv,Male,198.145.54.193
831,Alexine,Sends,asendsn2@google.it,Non-binary,143.128.65.6
832,Jenna,Boness,jbonessn3@bbb.org,Female,33.240.73.121
833,Osbert,Claridge,oclaridgen4@ft.com,Male,253.82.136.132
834,Karisa,Ayce,kaycen5@nymag.com,Female,16.130.144.75
835,Flora,Down,fdownn6@senate.gov,Female,241.224.201.204
836,Jemimah,Suddick,jsuddickn7@omniture.com,Female,148.152.6.238
837,Marrilee,Hoston,mhostonn8@360.cn,Female,134.179.41.183
838,Katine,Maghull,kmaghulln9@sitemeter.com,Female,234.193.162.115
839,Bibbie,Baswall,bbaswallna@opera.com,Female,40.24.225.16
840,Ricardo,Ortiga,rortiganb@sfgate.com,Male,228.199.26.237
841,Danella,Gilsthorpe,dgilsthorpenc@constantcontact.com,Female,24.112.123.154
842,Fiann,Blasing,fblasingnd@360.cn,Female,49.44.125.113
843,Kendricks,Stoyell,kstoyellne@arizona.edu,Male,210.52.148.178
844,Alvera,Canacott,acanacottnf@posterous.com,Female,9.192.200.125
845,Marten,Card,mcardng@shinystat.com,Male,200.149.83.46
846,Almeria,Chaudron,achaudronnh@last.fm,Female,249.25.54.169
847,Germain,Maken,gmakenni@ustream.tv,Male,74.24.78.244
848,Philbert,Snelle,psnellenj@barnesandnoble.com,Male,92.71.70.232
849,Sky,Bakewell,sbakewellnk@auda.org.au,Male,88.224.250.35
850,Ajay,O'Cannovane,aocannovanenl@blogs.com,Female,224.233.9.5
851,Miof mela,Bellelli,mbellellinm@themeforest.net,Female,194.84.212.167
852,Marcille,Biesty,mbiestynn@nature.com,Female,202.94.74.122
853,Kort,Davydychev,kdavydychevno@pagesperso-orange.fr,Male,197.171.71.241
854,Eduino,Whitehall,ewhitehallnp@technorati.com,Male,184.47.36.250
855,Idalina,Jeacocke,ijeacockenq@springer.com,Female,11.2.45.53
856,Webster,Hughlin,whughlinnr@fda.gov,Male,33.214.217.7
857,Dorisa,Merman,dmermanns@netscape.com,Female,249.89.161.71
858,Inglis,Hartle,ihartlent@netlog.com,Male,149.84.215.16
859,Alicea,Southan,asouthannu@buzzfeed.com,Female,50.85.184.92
860,Marlowe,Tremolieres,mtremolieresnv@t.co,Male,92.129.108.184
861,Franni,Vasyunkin,fvasyunkinnw@comcast.net,Female,161.24.43.157
862,Aurelea,Besnardeau,abesnardeaunx@dyndns.org,Female,73.18.196.147
863,Alexa,Le Marchant,alemarchantny@mozilla.com,Female,60.133.5.155
864,Isabelita,Kilpin,ikilpinnz@npr.org,Female,201.23.47.50
865,Robby,Kelso,rkelsoo0@csmonitor.com,Male,114.26.80.155
866,Frederich,MacKey,fmackeyo1@weather.com,Male,37.209.221.49
867,Sileas,Dallender,sdallendero2@irs.gov,Female,131.240.209.234
868,Quent,Burkin,qburkino3@goodreads.com,Male,89.218.42.163
869,Gavrielle,Earwicker,gearwickero4@mail.ru,Female,79.76.111.65
870,Rachele,Philippault,rphilippaulto5@hao123.com,Female,219.76.255.46
871,Corly,Mc Harg,cmchargo6@wsj.com,Female,226.230.241.90
872,Mychal,Tandey,mtandeyo7@comcast.net,Male,190.65.149.173
873,Fidelia,Mullender,fmullendero8@slideshare.net,Female,36.242.18.167
874,Demetrius,Ick,dicko9@so-net.ne.jp,Male,37.139.206.200
875,Pascal,Cade,pcadeoa@imageshack.us,Genderfluid,83.71.141.134
876,Rachel,Glyne,rglyneob@canalblog.com,Female,202.145.58.154
877,Margaretta,Gerler,mgerleroc@drupal.org,Female,110.171.210.52
878,Hayley,Silburn,hsilburnod@meetup.com,Female,214.59.144.198
879,Read,Ballinghall,rballinghalloe@4shared.com,Male,79.157.186.65
880,Ivette,Evitt,ievittof@youku.com,Non-binary,254.84.83.84
881,Addia,Ozanne,aozanneog@ow.ly,Female,35.55.31.216
882,Bridget,Filipychev,bfilipychevoh@163.com,Female,10.221.124.211
883,Gaspard,Stave,gstaveoi@microsoft.com,Male,32.20.161.145
884,Chev,Keaton,ckeatonoj@opera.com,Male,96.184.187.246
885,Danila,Greensitt,dgreensittok@amazon.co.jp,Female,176.183.61.207
886,Eddie,Mulcock,emulcockol@utexas.edu,Female,207.127.207.46
887,Meyer,Hartle,mhartleom@webnode.com,Male,40.58.202.112
888,Anne-corinne,Richardot,arichardoton@uol.com.br,Female,56.189.117.195
889,Carmelle,Bratty,cbrattyoo@typepad.com,Female,58.214.147.239
890,Ronna,Leverentz,rleverentzop@hc360.com,Genderqueer,247.130.126.26
891,Whitman,Kinnane,wkinnaneoq@symantec.com,Male,117.106.81.114
892,Jenelle,Quarrell,jquarrellor@prnewswire.com,Female,139.64.172.121
893,Loree,Sjollema,lsjollemaos@wikia.com,Female,90.73.246.35
894,Joete,Balmforth,jbalmforthot@foxnews.com,Female,173.192.116.200
895,Kerri,Greenlees,kgreenleesou@uiuc.edu,Female,237.214.193.171
896,Niels,Eberst,neberstov@ca.gov,Male,218.166.29.4
897,Aveline,Trahmel,atrahmelow@cam.ac.uk,Female,29.213.203.160
898,Devonne,Goulter,dgoulterox@lulu.com,Agender,70.170.200.128
899,Ado,Dene,adeneoy@intel.com,Non-binary,139.254.174.185
900,Erek,Jime,ejimeoz@hubpages.com,Male,106.79.200.81
901,Sandro,Andriveau,sandriveaup0@ucoz.com,Male,49.1.52.92
902,Willard,Haggis,whaggisp1@eventbrite.com,Male,233.10.247.93
903,Mitchel,Treadaway,mtreadawayp2@google.cn,Male,200.211.76.105
904,Henrieta,Joannic,hjoannicp3@live.com,Female,112.29.222.148
905,Damita,Wornham,dwornhamp4@admin.ch,Female,214.85.77.44
906,Ingra,De Micoli,idemicolip5@pinterest.com,Male,50.110.168.159
907,Orazio,Markushkin,omarkushkinp6@uiuc.edu,Male,101.121.125.247
908,Romona,Jordine,rjordinep7@yelp.com,Female,59.130.149.243
909,Lydon,Eaton,leatonp8@hp.com,Male,204.166.9.2
910,Marcello,Cabena,mcabenap9@bluehost.com,Male,24.62.192.168
911,Colene,Dogg,cdoggpa@spotify.com,Female,155.243.185.137
912,Gertie,Bocken,gbockenpb@rambler.ru,Female,40.55.66.124
913,Lucia,Enticknap,lenticknappc@nba.com,Genderfluid,150.17.15.189
914,Mike,Keegan,mkeeganpd@psu.edu,Male,230.77.56.201
915,Hermie,Illiston,hillistonpe@privacy.gov.au,Male,153.62.192.173
916,Aubry,Waren,awarenpf@mlb.com,Female,102.218.76.72
917,Francesco,Grece,fgrecepg@whitehouse.gov,Agender,29.60.227.61
918,Egor,Keatley,ekeatleyph@earthlink.net,Non-binary,114.240.98.81
919,Minnie,Dermott,mdermottpi@devhub.com,Female,124.92.140.25
920,Abelard,Muckersie,amuckersiepj@msu.edu,Male,161.190.23.224
921,Seka,Vaneschi,svaneschipk@wp.com,Female,149.187.194.143
922,Gerta,Stanners,gstannerspl@bandcamp.com,Female,192.104.237.158
923,Martainn,Gerritsma,mgerritsmapm@amazon.co.jp,Non-binary,9.190.222.181
924,Tucky,Leeming,tleemingpn@histats.com,Male,10.59.194.31
925,Garik,Chalker,gchalkerpo@ebay.com,Male,232.48.64.83
926,Niccolo,Duffrie,nduffriepp@live.com,Male,28.31.149.47
927,Abelard,Duckitt,aduckittpq@fema.gov,Male,87.158.25.128
928,Fredric,Burnell,fburnellpr@symantec.com,Male,14.76.150.61
929,Rhetta,Quogan,rquoganps@sina.com.cn,Female,145.243.43.177
930,Margie,Sowrah,msowrahpt@foxnews.com,Female,168.57.73.214
931,Rogers,Lafont,rlafontpu@unicef.org,Male,149.40.197.26
932,Rebecka,Profit,rprofitpv@yolasite.com,Female,241.210.15.243
933,Gertrude,Attoe,gattoepw@over-blog.com,Female,209.187.148.167
934,Feliza,Aicken,faickenpx@si.edu,Female,109.225.49.34
935,Marcile,Jennemann,mjennemannpy@domainmarket.com,Female,98.255.55.45
936,Karola,Hanks,khankspz@blog.com,Non-binary,66.216.182.249
937,Derwin,Darnbrook,ddarnbrookq0@behance.net,Male,201.82.34.74
938,Janot,Hussell,jhussellq1@yale.edu,Female,47.36.153.210
939,Olag,Eckels,oeckelsq2@wix.com,Male,197.180.22.154
940,Sukey,Lande,slandeq3@dropbox.com,Female,70.23.180.93
941,Keenan,Lavrinov,klavrinovq4@etsy.com,Male,101.174.255.4
942,Joan,Broadfoot,jbroadfootq5@jigsy.com,Female,228.82.188.133
943,Jany,Lurriman,jlurrimanq6@studiopress.com,Female,53.102.242.196
944,Cobb,Calderwood,ccalderwoodq7@dailymotion.com,Male,16.179.223.160
945,Hetti,Gummow,hgummowq8@wikimedia.org,Female,196.216.117.107
946,Jamison,Enticott,jenticottq9@yahoo.co.jp,Male,217.148.19.200
947,Gabbey,Shillingford,gshillingfordqa@yelp.com,Female,123.177.184.90
948,Camellia,Yakunikov,cyakunikovqb@phpbb.com,Female,174.132.229.244
949,Penny,Hawkins,phawkinsqc@yale.edu,Female,188.137.10.109
950,Ebeneser,Louth,elouthqd@phpbb.com,Male,40.162.102.21
951,Bail,Beadles,bbeadlesqe@timesonline.co.uk,Male,135.178.227.73
952,Josey,Emptage,jemptageqf@weebly.com,Female,26.30.96.240
953,Bordie,Hitzschke,bhitzschkeqg@spiegel.de,Male,148.65.254.110
954,Moise,Reimer,mreimerqh@angelfire.com,Male,168.17.33.74
955,Marv,Keatch,mkeatchqi@blogtalkradio.com,Male,43.135.212.17
956,Lorilyn,O'Lagene,lolageneqj@theguardian.com,Female,0.189.249.92
957,Robena,Gerber,rgerberqk@ehow.com,Female,86.215.196.54
958,Kattie,Dolden,kdoldenql@wunderground.com,Female,109.159.118.58
959,Hewie,Antonio,hantonioqm@cloudflare.com,Male,141.61.214.65
960,Obadiah,Waleran,owaleranqn@oakley.com,Male,186.106.155.179
961,Devlen,Durkin,ddurkinqo@ask.com,Male,134.51.244.68
962,Edvard,O'Cosgra,eocosgraqp@zdnet.com,Bigender,96.233.242.201
963,Ana,Shiel,ashielqq@alibaba.com,Female,84.233.48.140
964,Selby,Piscotti,spiscottiqr@samsung.com,Male,47.48.165.199
965,Andee,Flanagan,aflanaganqs@google.ca,Female,62.161.49.227
966,Leontine,Dilon,ldilonqt@ihg.com,Female,175.27.255.0
967,Torin,Heyns,theynsqu@apple.com,Male,103.79.56.7
968,Easter,Hutchins,ehutchinsqv@businessweek.com,Female,33.95.105.212
969,Bathsheba,Taborre,btaborreqw@twitter.com,Female,37.72.38.225
970,Hermia,Ferrillo,hferrilloqx@google.co.jp,Female,78.120.156.6
971,Hildagarde,Castagno,hcastagnoqy@multiply.com,Female,186.103.148.194
972,Iormina,Coope,icoopeqz@geocities.com,Female,174.76.117.111
973,Malina,Bantham,mbanthamr0@yahoo.com,Female,2.164.101.174
974,Carlina,McNickle,cmcnickler1@fema.gov,Female,91.8.11.224
975,Conrade,Sheaber,csheaberr2@google.fr,Male,39.177.216.116
976,Zelig,Patington,zpatingtonr3@webmd.com,Male,252.181.173.240
977,Allissa,Ouchterlony,aouchterlonyr4@hc360.com,Female,27.124.130.116
978,Alaster,Blunsen,ablunsenr5@google.ca,Male,4.100.156.4
979,Winny,Vagg,wvaggr6@youku.com,Female,136.55.229.168
980,Izaak,Loade,iloader7@soundcloud.com,Male,99.197.153.104
981,Bettina,Overstone,boverstoner8@desdev.cn,Female,165.37.103.176
982,Linzy,Bearns,lbearnsr9@furl.net,Female,186.113.171.62
983,Euell,Edmondson,eedmondsonra@wordpress.com,Male,251.243.236.68
984,Zollie,Saurin,zsaurinrb@dyndns.org,Male,43.83.34.18
985,Donny,Mongenot,dmongenotrc@google.pl,Male,132.248.204.145
986,Conrad,Foxen,cfoxenrd@miitbeian.gov.cn,Male,110.21.19.221
987,Ailis,Lazar,alazarre@drupal.org,Female,190.201.51.80
988,Kevyn,Daish,kdaishrf@narod.ru,Female,60.115.155.144
989,Kaycee,Sayles,ksaylesrg@cdbaby.com,Female,153.37.206.41
990,Shepard,Anderson,sandersonrh@forbes.com,Male,103.56.151.2
991,Simonne,Gotcliff,sgotcliffri@vkontakte.ru,Female,160.201.236.114
992,Jonathon,Donnachie,jdonnachierj@bbb.org,Male,58.241.59.115
993,Bonni,Velten,bveltenrk@nih.gov,Female,98.190.191.55
994,Emanuele,Wetherill,ewetherillrl@hc360.com,Male,201.35.202.193
995,Erwin,Duddin,eduddinrm@businessweek.com,Male,40.13.103.153
996,Xylia,Manssuer,xmanssuerrn@sfgate.com,Female,131.252.210.9
997,Madison,Hyman,mhymanro@amazonaws.com,Agender,101.10.132.238
998,Mikkel,Mackelworth,mmackelworthrp@wix.com,Male,175.219.114.43
999,Aubry,Manns,amannsrq@cbsnews.com,Female,199.127.75.132
1000,Evelyn,Rugiero,erugierorr@chron.com,Female,139.203.200.195
